epoch,loss,mean_absolute_error,mean_squared_error,val_loss,val_mean_absolute_error,val_mean_squared_error,learning_rate
0,0.17898765206336975,0.17898765206336975,0.05519961938261986,0.09516822546720505,0.09516822546720505,0.01436366606503725,9.999999747378752e-05
1,0.10955829918384552,0.10955829918384552,0.019340090453624725,0.06871726363897324,0.06871726363897324,0.007730937097221613,9.999999747378752e-05
2,0.0954459086060524,0.0954459086060524,0.014494451694190502,0.06500290334224701,0.06500290334224701,0.006879347376525402,9.999999747378752e-05
3,0.08951369673013687,0.08951369673013687,0.012957310304045677,0.06061132997274399,0.06061132997274399,0.005883936770260334,9.999999747378752e-05
4,0.08498436212539673,0.08498436212539673,0.011594119481742382,0.05625011771917343,0.05625011771917343,0.005067422520369291,9.999999747378752e-05
5,0.08117174357175827,0.08117174357175827,0.010527440346777439,0.05955977737903595,0.05955977737903595,0.005848833825439215,9.999999747378752e-05
6,0.07855966687202454,0.07855966687202454,0.010025246068835258,0.056509580463171005,0.056509580463171005,0.0050164684653282166,9.999999747378752e-05
7,0.0762384831905365,0.0762384831905365,0.009424959309399128,0.05766007676720619,0.05766007676720619,0.0051630232483148575,9.999999747378752e-05
8,0.07415450364351273,0.07415450364351273,0.008904443122446537,0.05073734000325203,0.05073734000325203,0.004291956312954426,9.999999747378752e-05
9,0.0717579647898674,0.0717579647898674,0.008309654891490936,0.05280262976884842,0.05280262976884842,0.004429954569786787,9.999999747378752e-05
10,0.06966966390609741,0.06966966390609741,0.007862482219934464,0.04810284078121185,0.04810284078121185,0.003902617609128356,9.999999747378752e-05
11,0.06697507202625275,0.06697507202625275,0.007283429149538279,0.051073797047138214,0.051073797047138214,0.004225538577884436,9.999999747378752e-05
12,0.06752792745828629,0.06752792745828629,0.007383807096630335,0.05026733875274658,0.05026733875274658,0.004021736327558756,9.999999747378752e-05
13,0.06541475653648376,0.06541475653648376,0.006943866144865751,0.05069601535797119,0.05069601535797119,0.004440441727638245,9.999999747378752e-05
14,0.06256414949893951,0.06256414949893951,0.006505641620606184,0.048878367990255356,0.048878367990255356,0.0037869163788855076,9.999999747378752e-05
15,0.06199280545115471,0.06199280545115471,0.006293090526014566,0.046919964253902435,0.046919964253902435,0.0036264664959162474,9.999999747378752e-05
16,0.05986366048455238,0.05986366048455238,0.005931369494646788,0.04706893116235733,0.04706893116235733,0.003767566289752722,9.999999747378752e-05
17,0.05920879542827606,0.05920879542827606,0.005778172984719276,0.04693848267197609,0.04693848267197609,0.003609968116506934,9.999999747378752e-05
18,0.057124748826026917,0.057124748826026917,0.0053886836394667625,0.04802490770816803,0.04802490770816803,0.0038555872160941362,9.999999747378752e-05
19,0.056608665734529495,0.056608665734529495,0.005289366468787193,0.04469729959964752,0.04469729959964752,0.003419567132368684,9.999999747378752e-05
20,0.05454261973500252,0.05454261973500252,0.00498300651088357,0.04758250713348389,0.04758250713348389,0.0036572786048054695,9.999999747378752e-05
21,0.05396255478262901,0.05396255478262901,0.004862059373408556,0.044288765639066696,0.044288765639066696,0.0032829020638018847,9.999999747378752e-05
22,0.05265837907791138,0.05265837907791138,0.004625711124390364,0.045796383172273636,0.045796383172273636,0.003562462516129017,9.999999747378752e-05
23,0.05160282924771309,0.05160282924771309,0.004441674333065748,0.044045340269804,0.044045340269804,0.0032500820234417915,9.999999747378752e-05
24,0.05012347176671028,0.05012347176671028,0.00420240918174386,0.04984761029481888,0.04984761029481888,0.00421671848744154,9.999999747378752e-05
25,0.05002226307988167,0.05002226307988167,0.00422130199149251,0.04988405853509903,0.04988405853509903,0.004194035194814205,9.999999747378752e-05
26,0.04902728274464607,0.04902728274464607,0.003988047130405903,0.044025592505931854,0.044025592505931854,0.0031962678767740726,9.999999747378752e-05
27,0.047579389065504074,0.047579389065504074,0.0038043512031435966,0.04479609429836273,0.04479609429836273,0.0033632293343544006,9.999999747378752e-05
28,0.04717537760734558,0.04717537760734558,0.0037445034831762314,0.0489523708820343,0.0489523708820343,0.004122477490454912,9.999999747378752e-05
29,0.04321036487817764,0.04321036487817764,0.003192267846316099,0.044848211109638214,0.044848211109638214,0.0035151797346770763,4.999999873689376e-05
30,0.042341556400060654,0.042341556400060654,0.0030738618224859238,0.044279057532548904,0.044279057532548904,0.0032326476648449898,4.999999873689376e-05
31,0.04151131957769394,0.04151131957769394,0.002954188734292984,0.041878096759319305,0.041878096759319305,0.0030685763340443373,4.999999873689376e-05
32,0.040609199553728104,0.040609199553728104,0.002884526504203677,0.042752109467983246,0.042752109467983246,0.003060384886339307,4.999999873689376e-05
33,0.04014280438423157,0.04014280438423157,0.0027873460203409195,0.04285932332277298,0.04285932332277298,0.0030636016745120287,4.999999873689376e-05
34,0.039731431752443314,0.039731431752443314,0.0027327926363795996,0.042061321437358856,0.042061321437358856,0.0030234812293201685,4.999999873689376e-05
35,0.03990277647972107,0.03990277647972107,0.0027291630394756794,0.04621477797627449,0.04621477797627449,0.003538317745551467,4.999999873689376e-05
36,0.03882918879389763,0.03882918879389763,0.002613352844491601,0.04149214178323746,0.04149214178323746,0.002959311241284013,4.999999873689376e-05
37,0.03843009099364281,0.03843009099364281,0.0025689832400530577,0.043310798704624176,0.043310798704624176,0.003253003815189004,4.999999873689376e-05
38,0.03772953525185585,0.03772953525185585,0.0024844841100275517,0.044334955513477325,0.044334955513477325,0.003295336849987507,4.999999873689376e-05
39,0.037495680153369904,0.037495680153369904,0.002461893018335104,0.04585310444235802,0.04585310444235802,0.0034199501387774944,4.999999873689376e-05
40,0.037140142172575,0.037140142172575,0.0024662725627422333,0.044503044337034225,0.044503044337034225,0.003246651031076908,4.999999873689376e-05
41,0.03669266402721405,0.03669266402721405,0.002343434141948819,0.04116441309452057,0.04116441309452057,0.002960670506581664,4.999999873689376e-05
42,0.036586206406354904,0.036586206406354904,0.00234602321870625,0.042822062969207764,0.042822062969207764,0.0030942270532250404,4.999999873689376e-05
43,0.03591407835483551,0.03591407835483551,0.0022922647185623646,0.04283970221877098,0.04283970221877098,0.003043101169168949,4.999999873689376e-05
44,0.03595457598567009,0.03595457598567009,0.0022616060450673103,0.04563096538186073,0.04563096538186073,0.003397132270038128,4.999999873689376e-05
45,0.03544430807232857,0.03544430807232857,0.002171984175220132,0.04217534139752388,0.04217534139752388,0.00301366881467402,4.999999873689376e-05
46,0.03462883457541466,0.03462883457541466,0.0021277591586112976,0.04277992248535156,0.04277992248535156,0.0031573884189128876,4.999999873689376e-05
